Num_Acc,an,mois,jour,hrmn,lum,agg,int,atm,col,com,adr,gps,lat,long,dep
200500075103,5,11,4,1235,1,2,3,2,3,17.0,R BAYEN AV NIEL,,,,750
200500006925,5,2,12,2100,5,2,2,1,3,88.0,"0, CALIFORNIE (AV.) (A P",,,,60
200500052164,5,8,9,1205,1,2,1,1,3,545.0,"5, PAUL GELOS (RUE)",,,,640
200500001166,5,1,19,1400,1,2,9,1,1,40.0,"2, rue des vosges",M,4783300.0,708100.0,680
200500057312,5,9,13,1740,1,2,1,1,3,55.0,VITON (AVENUE),,,,130
200500022125,5,4,29,2130,5,2,2,1,3,66.0,PORT,,,,930
200500013811,5,3,3,745,1,1,1,1,3,145.0,,M,0.0,0.0,660
200500055239,5,9,20,1700,1,1,1,1,3,531.0,,M,4805800.0,700500.0,880
200500022310,5,4,13,1250,1,2,1,1,6,268.0,"5, CHALGRIN (RUE JEAN-FR",,,,950
200500020335,5,4,28,2030,1,2,1,1,7,510.0,CD 58,,,,620
200500034141,5,6,16,2010,1,2,2,1,3,329.0,"000, RUE DU CHAUFOUR",,,,540
200500065470,5,10,4,1825,4,2,1,1,7,15.0,"116, MONTBRON (RUE DE N°",,,,160
200500011750,5,2,17,1245,1,2,1,1,1,290.0,La Loeuf du Houx,M,4727900.0,217400.0,180
200500034707,5,6,15,735,1,2,1,1,6,483.0,"49, JAURES JEAN  (AVENUE",,,,640
200500066350,5,10,28,1015,1,2,1,1,2,261.0,"50, LEBRUN (RUE HENRI)",,,,370
200500067980,5,10,12,1310,1,2,1,1,6,20.0,6 AV TAILLADE,,,,750
200500000783,5,1,5,1545,1,1,1,1,1,127.0,,M,4417300.0,108900.0,820
200500038117,5,6,18,445,3,1,1,1,7,299.0,,M,0.0,0.0,720
200500064072,5,10,27,1615,1,2,1,1,1,19.0,ROUTE DU CAP BENAT,M,4314000.0,635200.0,830
200500012163,5,3,19,2200,3,1,1,1,2,666.0,,M,4972400.0,414300.0,20
200500042272,5,7,5,1715,1,2,1,1,1,558.0,RUE VALERY COLLET,M,0.0,0.0,710
200500038874,5,6,12,1530,1,1,1,1,1,307.0,,M,4571400.0,307000.0,630
200500025401,5,5,14,1815,1,1,2,1,3,177.0,,M,4581200.0,109500.0,870
200500016332,5,3,3,2245,5,2,2,2,3,1.0,Q DES TUILERIES PT DU CA,,,,750
200500040232,5,6,20,1745,1,1,1,1,4,527.0,,M,0.0,0.0,950
200500022018,5,4,14,1435,1,2,2,2,3,27.0,"132, VAILLANT-COUTURIER",,,,930
200500061791,5,9,30,1830,1,1,1,2,6,78.0,AUTOROUTE A86,,,,920
200500011653,5,2,21,1545,1,1,1,8,7,34.0,,M,4264000.0,901000.0,202
200500066740,5,10,6,1745,1,2,1,1,6,454.0,CHAMPAGNE (AVENUE),,,,510
200500076198,5,11,2,1450,1,2,1,2,2,521.0,"., REMY (RUE ALBERT)",,,,910
200500029711,5,5,14,1800,1,2,2,2,3,266.0,AV R SALENGRO,,,,690
200500086695,5,9,27,940,1,2,1,1,3,411.0,"01, OCEAN (BOULEVARD DE",,,,974
200500001748,5,1,16,1630,1,1,1,8,6,150.0,,M,4738900.0,47300.0,370
200500021539,5,4,4,1725,1,2,3,1,3,129.0,"215, JUIN MARECHAL (AV D",,,,830
200500075100,5,11,4,805,1,2,2,2,7,16.0,R ALBERT DE MUN AV NATIO,,,,750
200500069205,5,10,3,1925,2,2,1,1,7,64.0,MARECHAL JUIN,,,,920
200500033536,5,6,24,925,1,2,1,1,1,522.0,RIMBAUD (AVE ARTHUR),,,,330
200500058201,5,9,20,1730,1,2,3,1,6,63.0,"28, CRS VICTOR HUGO",,,,330
200500007733,5,2,14,440,3,2,1,1,6,172.0,GRABELS (ROUTE DE),,,,340
200500041184,5,7,30,1515,1,1,2,1,3,483.0,,M,0.0,0.0,240
200500045890,5,7,2,1139,1,2,1,1,6,18.0,58 R PH DE GIRARD,,,,750
200500081885,5,12,15,745,2,2,1,2,6,498.0,"XXXXXXXX, MAES (AV. ALFR",,,,620
200500029548,5,5,9,1330,1,2,2,1,3,47.0,JAURES (AVE JEAN),,,,650
200500079923,5,12,23,1250,1,2,2,1,6,88.0,"0, VERNIER (R.)",,,,60
200500051500,5,8,17,1215,1,2,1,1,6,41.0,DUPUY (AVENUE CHARLES),,,,430
200500015031,5,3,4,1836,2,2,2,1,3,522.0,TREMEUGE (RUE DE),,,,330
200500008192,5,2,13,55,5,2,2,1,3,107.0,ROUTE DEPARTEMENTALE 29,,,,560
200500038379,5,6,6,830,1,2,1,1,1,3.0,route de Vouillé,M,4629100.0,-41300.0,790
200500030971,5,5,30,1830,1,1,1,1,4,158.0,RN.147,,,,860
200500078948,5,12,20,1000,1,1,1,1,1,443.0,,M,4813300.0,335600.0,890
200500011460,5,2,23,1930,3,1,1,1,3,169.0,,M,4795100.0,389300.0,890
200500084196,5,12,2,2115,3,1,1,8,7,363.0,AUTOROUTE A10,,,,910
200500062088,5,9,30,515,3,1,1,1,6,382.0,A7,,,,690
200500046867,5,7,26,1335,1,1,1,1,3,223.0,SAINTE-CROIX (RUE),,,,910
200500020083,5,4,27,1625,1,2,1,7,3,227.0,NATIONALE(RUE)GIRAT.MERL,,,,570
200500027718,5,5,25,2045,2,2,1,1,2,55.0,"39, ANTOINE DEL BELLO (R",,,,130
200500071641,5,11,26,2245,3,1,1,9,6,97.0,,M,4753000.0,686200.0,250
200500045017,5,7,9,105,3,2,1,1,7,99.0,HIPPODROME (AVENUE DE L',,,,490
200500021462,5,4,11,1050,1,2,1,1,3,650.0,"0, COURSES (AVENUE DES)",,,,780
200500048983,5,8,8,1715,1,1,1,1,6,145.0,CAMPING LES PEUPLIERS,M,0.0,0.0,730
200500072094,5,11,18,2000,5,1,1,1,4,123.0,,M,0.0,0.0,300
200500015997,5,3,23,15,5,2,6,1,3,102.0,SOULT (AVENUE MARECHAL),,,,640
200500033113,5,6,9,750,1,2,1,1,5,56.0,"11, GAULARD AVENUE < 14",,,,250
200500025927,5,5,20,1700,1,2,1,1,6,78.0,22 AVENUE DE LATTRE DE T,M,4821500.0,672100.0,880
200500009599,5,2,20,1550,1,2,3,2,1,471.0,FERME (RUE DE LA),,,,910
200500005170,5,1,24,1805,5,2,1,1,6,212.0,"1, PASTEUR. RUE LOUIS",,,,760
200500060057,5,9,21,1015,1,2,2,1,3,18.0,R PAJOL R DE TORCY,,,,750
200500022213,5,4,1,1000,1,2,2,1,3,38.0,GENERAL DE GAULLE (AV DU,,,,940
200500080018,5,12,2,2145,5,2,1,2,1,55.0,GAFFAREL (RUE),,,,130
200500014019,5,3,9,1500,1,2,1,1,7,4.0,SOLEAU AV.ROBERT,,,,60
200500043265,5,7,4,830,1,1,1,1,6,380.0,,M,0.0,0.0,720
200500006433,5,1,5,2245,3,1,1,8,6,37.0,AUTOROUTE A6,,,,910
200500037620,5,6,26,2230,5,2,1,1,3,449.0,RUE JULES RIEU CD 938,M,0.0,0.0,590
200500073428,5,11,10,1845,5,2,3,1,6,63.0,CRS DE VERDUN,,,,330
200500078885,5,12,16,700,2,1,1,2,7,532.0,,M,0.0,0.0,520
200500030082,5,5,19,1518,1,2,3,1,6,8.0,PL DE LA MADELEINE R ROY,,,,750
200500020430,5,4,28,2000,1,2,1,1,6,445.0,"13, CASTETNAU",,,,640
200500070447,5,11,18,200,3,1,1,9,1,289.0,,M,0.0,0.0,760
200500039123,5,6,14,1830,1,1,1,2,3,239.0,,M,0.0,0.0,670
200500058513,5,9,1,1845,1,2,3,1,3,123.0,VILLEDIEU RUE,,,,420
200500078108,5,12,19,2200,3,1,1,5,1,54.0,,M,0.0,0.0,720
200500018222,5,3,9,943,1,1,1,1,4,137.0,A57,,,,830
200500007970,5,2,25,1640,1,2,3,9,6,109.0,"1, GUIOTTON ( RUE LOUIS",,,,440
200500011374,5,2,16,300,3,1,6,2,7,569.0,,M,0.0,0.0,510
200500075582,5,11,30,1539,1,2,3,1,3,4.0,PL DE LA BASTILLE BD BOU,,,,750
200500013437,5,3,17,745,1,1,1,1,2,19.0,,M,4429900.0,475300.0,840
200500014821,5,3,22,1830,1,2,1,1,3,218.0,"119, REPUBLIQUE (AVENUE",,,,280
200500016049,5,3,2,1105,1,2,2,1,3,440.0,"12, THEAS (RUE MONSEIGNE",,,,650
200500080105,5,12,11,2045,5,2,3,1,6,55.0,NARVIK (SQUARE),,,,130
200500003242,5,1,26,745,3,2,1,1,6,281.0,BRIAND (AVE ARISTIDE),,,,330
200500052029,5,8,26,1700,2,2,9,1,1,427.0,"0, SCHWEITZER ALBERT (BD",,,,620
200500079938,5,12,27,1615,1,2,1,1,2,88.0,"35, CARABACEL (BD)",,,,60
200500070929,5,11,2,2015,3,1,1,1,7,110.0,,M,4598800.0,13600.0,160
200500072270,5,11,4,2015,3,1,1,1,1,117.0,PK 02+400,M,0.0,0.0,300
200500029384,5,5,25,1140,1,2,1,1,6,249.0,"61, BRIQUET (R RAOUL)",,,,620
200500083789,5,12,12,1820,5,2,1,1,3,44.0,"0, GABRIEL PERI (AV)",,,,940
200500015895,5,3,12,1220,1,2,1,1,7,160.0,"41, GRANDE RUE",,,,620
200500064764,5,10,25,835,1,2,2,1,3,112.0,D907,,,,40
200500048103,5,8,6,1515,1,1,1,1,3,93.0,,M,4845800.0,-251300.0,220
200500018270,5,3,3,155,3,1,1,4,6,55.0,GINESTE (COL DE LA),,,,130
200500055240,5,9,17,1615,1,2,9,1,3,165.0,rue de l'Abbaye,M,4837300.0,687600.0,880
200500038066,5,6,13,800,1,1,1,1,3,21.0,,M,0.0,0.0,490
200500022642,5,4,19,905,1,2,1,1,6,388.0,"110, PROFESSEUR BEAUVISA",,,,690
200500075648,5,11,9,1945,5,2,1,1,5,540.0,"1, NANSEN. RUE FRIDTJOF",,,,760
200500004976,5,1,23,2119,5,2,2,1,3,15.0,DE LA CONVENTION R GUTEN,,,,750
200500015804,5,3,30,1150,1,2,2,1,6,350.0,"Sans objet, NATIONALE RU",,,,590
200500025777,5,5,20,1530,1,1,1,1,2,44.0,,M,4616000.0,616700.0,740
200500072974,5,11,22,745,2,2,3,8,6,33.0,DORMOY (AVENUE MARX),,,,180
200500010593,5,2,4,1315,1,2,1,1,6,448.0,route de lyons,M,4941500.0,123500.0,760
200500083783,5,12,5,850,1,2,3,1,3,44.0,"0, PASTEUR (R)",,,,940
200500032938,5,6,14,1030,1,2,1,1,4,366.0,"3, ROGER AINI (RUE)",,,,140
200500031240,5,5,10,1925,2,2,6,1,2,20.0,"1, VERDUN AVENUE DE N°1",,,,920
200500071270,5,11,18,2140,3,1,1,1,6,255.0,,M,0.0,0.0,730
200500035214,5,6,8,1115,1,2,1,1,3,15.0,42 R ORADOUR S/ GLANE,,,,750
200500075094,5,11,4,2330,5,2,1,1,3,12.0,2 PL D ALIGRE,,,,750
200500025135,5,5,25,1200,1,1,1,1,1,200.0,,M,4792100.0,21100.0,720
200500007221,5,2,19,1530,1,2,3,1,3,55.0,SAINT HENRI (CHEMIN DE),,,,130
200500033852,5,6,24,2110,1,2,2,1,3,218.0,MUSSET ALFRED DE (BD) JU,,,,420
200500006097,5,1,19,1750,2,2,1,1,2,16.0,"13, CARNOT (VLA)",,,,940
200500066965,5,10,13,1820,1,2,1,1,4,194.0,PIERRE DE COUBERTIN,,,,580
200500015510,5,3,4,1700,1,2,1,1,5,328.0,"37, PONT FOUCHARD (RUE D",,,,490
200500033951,5,6,1,2220,5,2,2,1,3,285.0,BEAUHAIRE (RUE CHARLES),,,,450
200500040692,5,7,17,1730,1,2,1,1,6,378.0,RUE Guillaume le Conquér,M,,,760
200500012527,5,3,29,1600,1,2,1,1,6,240.0,Place de l'église,M,4531300.0,-93700.0,330
200500018819,5,4,16,2115,5,2,1,1,2,55.0,"201, RABATAU (BD)",,,,130
200500015483,5,3,16,938,1,2,1,1,6,7.0,"00, GOURONNIERES",,,,490
200500064059,5,10,6,1630,1,2,7,1,5,107.0,parking san peire,M,4335000.0,670500.0,830
200500038164,5,6,3,2315,3,1,1,1,3,92.0,,M,0.0,0.0,850
200500069383,5,10,1,1950,5,2,1,2,2,55.0,"168, JEAN JAURES (AVENUE",,,,930
200500026589,5,5,6,2330,3,1,1,1,1,60.0,,M,4830600.0,243400.0,770
200500055013,5,9,21,1715,1,2,1,1,7,34.0,rue de la guillotiere,M,0.0,0.0,380
200500023591,5,4,22,815,1,1,1,1,7,347.0,,M,0.0,0.0,260
200500052492,5,8,19,1925,1,2,3,1,3,19.0,AV DE FLANDRE R DE JOINV,,,,750
200500030048,5,5,12,2245,5,2,9,1,6,1.0,SOU TRANSIT HALLES R DES,,,,750
200500056901,5,9,20,1700,1,2,1,1,1,27.0,NICE AVENUE DE (RN7),,,,60
200500071730,5,11,9,645,2,1,1,1,6,118.0,Route de Grasse,M,0.0,0.0,60
200500020604,5,4,16,950,1,2,1,1,3,181.0,ANTARES (AV),,,,720
200500054167,5,9,24,2040,5,1,1,1,1,463.0,route de vardes,M,0.0,0.0,760
200500084754,5,2,3,1645,1,1,2,1,7,213.0,,,,,972
200500071037,5,11,29,1030,1,1,1,4,7,301.0,,M,4290400.0,123500.0,90
200500041334,5,7,22,930,1,1,1,1,2,127.0,,M,4623100.0,-81100.0,170
200500073130,5,11,28,1537,1,2,1,1,1,362.0,"sans n, EPERVIERE CHEMIN",,,,260
200500003503,5,1,22,2138,5,2,3,1,3,330.0,BOISSON ETIENNE JUSQU'AU,,,,420
200500083929,5,12,13,1540,1,2,1,1,6,18.0,PREBUARD (RUE DU),,,,950
200500061200,5,9,7,1110,1,2,1,1,6,46.0,Avenue Jean Jaurès,,,,920
200500045422,5,7,12,1220,1,2,2,1,3,498.0,TULIPES (R DES),,,,620
200500036067,5,6,30,1200,1,1,6,1,3,65.0,NAVES RD 85 (RTE),,,,810
200500078167,5,12,13,1815,3,1,1,1,4,494.0,"Lieu dit ""Godebarge""",M,0.0,0.0,330
200500002631,5,1,6,2034,3,2,1,1,3,71.0,ROUTE NATIONALE 368 (PLA,,,,130
200500055753,5,9,6,1815,1,1,1,1,1,49.0,,M,4254200.0,881000.0,202
200500064282,5,10,29,2045,3,1,1,1,5,192.0,,M,4871800.0,285400.0,770
200500038681,5,6,25,1130,1,1,1,1,6,207.0,,M,0.0,0.0,10
200500076548,5,11,21,1825,5,2,1,5,5,13.0,"20, CAVILLON (RUE ANIZAN",,,,930
200500009355,5,2,12,345,5,2,1,1,6,191.0,"214, LIMOGES (AVENUE DE)",,,,790
200500080130,5,12,11,30,4,2,1,1,2,55.0,G. POMPIDOU PLAGE (PROM.,,,,130
200500038952,5,6,3,1330,1,1,1,1,1,164.0,,M,0.0,0.0,430
200500004073,5,1,12,1820,2,2,1,1,3,367.0,LECLERC (RUE DU GENERAL),,,,590
200500070060,5,10,23,1610,1,1,1,1,4,606.0,AUTOROUTE A2,,,,590
200500018601,5,4,20,1100,1,2,2,1,6,88.0,"0, CIMIEZ (BD) A PARTIR",,,,60
200500076661,5,11,10,900,1,2,2,1,6,66.0,"49, ""STRASBOURG, NR 1 A",,,,930
200500013290,5,3,3,600,5,2,1,4,6,152.0,15 Route de SENS,M,4795200.0,347000.0,890
200500037829,5,6,29,1630,1,1,1,1,3,410.0,,M,0.0,0.0,270
200500038431,5,6,26,15,3,1,1,1,6,120.0,,M,0.0,0.0,310
200500024346,5,4,30,1815,1,2,1,1,2,171.0,avenue de la république,M,4891300.0,280400.0,770
200500055777,5,9,11,1745,1,2,1,2,1,200.0,44 AVENUE DE PARIS,M,4853400.0,202000.0,910
200500082794,5,12,19,1330,1,2,5,8,2,8.0,BD MALESHERBES PL SAINT,,,,750
200500038531,5,6,5,1,3,1,1,1,7,180.0,,M,4459900.0,209300.0,460
200500036755,5,6,22,1010,1,2,1,1,2,64.0,"51, PERI (BOULEVARD GABR",,,,930
200500078549,5,12,9,800,3,1,1,4,7,314.0,,M,0.0,0.0,380
200500083254,5,12,11,2035,5,2,3,1,3,194.0,"., CHATONNERIE (RUE DE L",,,,860
200500061186,5,9,10,1725,1,2,1,1,5,72.0,"01, GRANDE RUE",,,,920
200500009609,5,2,16,1330,1,2,2,1,3,549.0,"1, GRIGNY (RUE DE)",,,,910
200500026916,5,5,25,745,1,1,1,1,2,196.0,,M,0.0,0.0,170
200500058268,5,9,18,1325,1,2,1,1,3,3.0,MITTERRAND (K19 A O24,,,,340
200500072874,5,11,8,2120,3,2,3,1,3,103.0,AVENUE BOUCHAGA BOUALEM-,,,,130
200500031964,5,5,3,1330,1,2,2,2,1,383.0,DUNOIR,,,,690
200500040185,5,6,26,1845,1,1,1,1,6,311.0,Le Selly,M,4616600.0,638900.0,740
200500022530,5,4,2,1726,1,1,1,1,4,498.0,AUTOROUTE A21,,,,620
200500036436,5,6,3,845,1,2,2,1,6,12.0,"120, ANDRE MORIZET (AVEN",,,,920
200500043537,5,7,11,1130,1,2,1,1,1,88.0,"67, SAINT-PIERRE DE FERI",,,,60
200500013805,5,3,26,645,2,1,1,1,2,261.0,,M,4737300.0,71500.0,370
200500084414,5,12,25,1100,1,2,1,1,2,387.0,"35, JEAN JAURES",,,,690
200500076294,5,11,14,1150,1,2,1,1,6,12.0,"52, SEVRES (RUE DE) 55BI",,,,920
200500060330,5,9,23,2000,5,2,2,1,3,1.0,R DE RIVOLI BD DE SEBAST,,,,750
200500024874,5,5,22,1330,1,1,2,8,3,192.0,,M,0.0,0.0,270
200500033164,5,6,21,1650,1,2,3,1,3,362.0,"sans n°, ROMANS ROUTE DE",,,,260
200500011889,5,2,26,430,3,1,1,1,2,21.0,,M,0.0,0.0,630
200500042190,5,7,13,1915,1,1,1,1,6,348.0,,M,4791900.0,541500.0,520
200500026213,5,5,26,1445,1,1,1,1,6,497.0,,M,0.0,0.0,700
200500069304,5,10,30,1515,1,2,2,1,3,29.0,"49, HENRI BARBUSSE (AVE)",,,,930
200500032227,5,6,29,1230,1,2,1,1,3,112.0,"0, DAUDET (ALL. A.)",,,,40
200500084390,5,12,13,1300,1,1,1,1,3,447.0,Autoroute A.4,,,,670
200500024596,5,4,4,1530,1,1,1,1,3,44.0,,M,4361600.0,505000.0,130
200500072539,5,11,21,920,1,2,1,2,6,88.0,MATISSE (AV. HENRI),,,,60
200500068456,5,10,6,1915,5,1,1,1,7,449.0,MERIDIENNE ( BLD DE LA ),,,,770
200500010950,5,2,17,1400,1,1,1,1,1,351.0,,M,4582600.0,-107100.0,170
200500071101,5,11,14,1615,1,1,1,8,6,6.0,,M,0.0,0.0,820
200500081039,5,12,6,1435,1,1,1,1,6,238.0,PORTE DE NANTES,,,,350
200500036721,5,6,2,1340,1,2,1,1,2,53.0,"4, PARC (RUE DU)",,,,930
200500037921,5,6,23,1745,1,1,1,1,3,8.0,,M,0.0,0.0,560
200500030685,5,5,27,1750,1,2,1,1,1,261.0,MONTCIENT (RUE DE LA),,,,780
200500035396,5,6,24,1115,1,2,2,1,3,7.0,BD DES INVALIDES R DUROC,,,,750
200500009952,5,2,20,1400,1,2,1,1,6,76.0,AUGUSTE DELAUNE (PL),,,,940
200500075043,5,11,2,945,1,2,2,1,6,12.0,AV EMILE LAURENT BD SOUL,,,,750
200500054299,5,9,17,1900,1,1,2,1,3,169.0,,M,0.0,0.0,560
200500027143,5,5,29,855,1,2,3,1,1,94.0,VERGNES (RUE DES),,,,30
200500075547,5,11,29,2100,5,2,1,1,6,16.0,L13225 AV DE NEW YORK,,,,750
200500034331,5,6,24,1534,1,2,3,1,3,8.0,"01, DRION (BOULEVARD)",,,,590
200500015688,5,3,12,930,1,2,3,2,3,751.0,"00, JEAN PIERRE PECHEUR",,,,570
200500002686,5,1,18,720,5,2,6,2,3,299.0,"17299281, PELLETAN AVENU",,,,170
200500056472,5,6,26,825,1,2,1,1,6,55.0,"150, LOUBON (RUE)",,,,130
200500003320,5,1,12,805,2,2,6,8,2,238.0,VALLES (JULES),,,,350
200500029708,5,5,28,1900,1,2,1,1,6,266.0,"44, RUE FLORIAN",,,,690
200500000958,5,1,18,1800,3,1,1,4,7,208.0,,M,0.0,0.0,740
200500013204,5,3,25,2015,5,2,1,1,5,262.0,AVENUE DE CHAMPAGNE,M,4871000.0,459000.0,510
200500063382,5,10,11,1830,1,2,9,1,7,333.0,lieu dit les Echanaux,M,0.0,0.0,10
200500005112,5,1,30,2015,5,2,3,2,6,18.0,R MARX DORMOY R DOUDEAUV,,,,750
200500032739,5,6,16,1350,1,2,1,1,6,55.0,PLOMBIERES (BD DES),,,,130
200500070087,5,10,19,2035,5,2,1,1,4,383.0,"5, ALBERT THOMAS",,,,690
200500025803,5,5,27,1745,1,1,1,1,1,305.0,,M,4568200.0,279800.0,630
200500012937,5,3,20,130,3,1,1,1,6,413.0,,M,0.0,0.0,380
200500083378,5,12,17,225,5,2,1,1,7,201.0,GENERAL DE GAULLE(BOULEV,,,,910
200500031763,5,5,28,30,5,1,1,1,6,112.0,A4,,,,750
200500040422,5,6,27,1655,1,2,1,1,3,80.0,"44, FONTENAY (R DE)",,,,940
200500051277,5,8,3,1555,1,2,2,1,3,32.0,SAINT SAENS CAMILLE (AV),,,,340
200500053548,5,8,10,1815,1,2,1,1,7,41.0,"08, VICTOR HUGO (R)",,,,940
200500021620,5,4,3,540,3,2,1,1,7,194.0,"209, TALMONT (AVENUE DE)",,,,850
200500076415,5,11,16,1510,1,1,1,1,3,50.0,REPUBLIQUE AVENUE DE LA,,,,920
200500038049,5,6,11,2000,1,1,1,1,2,220.0,,M,4720500.0,-189900.0,440
200500066549,5,10,20,1925,3,2,1,1,6,109.0,"125, RUE PAUL BELLAMY",,,,440
200500037924,5,6,20,1315,1,1,1,1,6,153.0,,M,0.0,0.0,560
200500061637,5,9,3,1640,1,2,1,1,6,424.0,"82, VICTOR BORDIER (BOUL",,,,950
200500041813,5,7,24,1345,1,1,1,1,3,278.0,RN.6,M,4539000.0,627700.0,730
200500045070,5,7,22,1740,1,2,1,1,6,454.0,"397, LAON (AVENUE) DU N°",,,,510
200500036947,5,6,13,1000,1,2,9,1,6,68.0,FOCH (AV),,,,940
200500007201,5,2,5,1900,5,2,2,1,6,55.0,SAINT JUST (AVENUE DE),,,,130
200500079403,5,12,9,1630,3,2,1,1,6,217.0,Rue Emile Bernard,M,4786100.0,-375600.0,290
200500061386,5,9,14,1315,1,2,1,1,3,66.0,"15, MOULIN JEAN (AVE) NR",,,,930
200500082610,5,12,8,1535,1,2,5,2,3,3.0,R BERANGER R CHARLOT,,,,750
200500080676,5,12,28,1341,1,2,1,1,2,243.0,MONTPELLIER (ROUTE),,,,300
200500034718,5,6,4,1131,1,1,2,1,3,286.0,MONGE (AVENUE DU),,,,650
200500007842,5,2,14,1920,3,2,3,4,3,421.0,"00, PERI (AVENUE G.)",,,,380
200500040118,5,6,21,1500,1,2,1,1,7,203.0,Avenue du Chêne Vert,M,4352000.0,131800.0,310
200500040560,5,7,23,2030,1,1,1,1,2,21.0,,M,0.0,0.0,620
200500013153,5,3,23,1700,1,1,1,7,7,311.0,,M,0.0,0.0,670
200500069050,5,10,3,1220,1,2,3,1,6,12.0,"50, GAMBETTA (RUE)",,,,920
200500020197,5,4,23,1815,1,2,3,1,6,368.0,"00, SALENGRO ROGER RUE",,,,590
200500046207,5,7,22,1735,1,2,2,1,3,2.0,R REAUMUR R DUSSOUBS,,,,750
200500006343,5,1,6,1800,5,1,1,1,6,675.0,AUTOROUTE A1,,,,950
200500010139,5,2,4,1400,1,1,1,1,7,27.0,AUTOROUTE A86,,,,930
200500056384,5,5,23,1355,1,2,2,1,6,55.0,DOMINICAINES (RUE DES),,,,130