Num_Acc,an,mois,jour,hrmn,lum,agg,int,atm,col,com,adr,gps,lat,long,dep
200500073187,5,11,8,1620,1,2,3,2,6,19.0,"., EUROPE (DE 58 A 166 E",,,,290
200500035128,5,6,3,705,1,2,1,1,4,7.0,59 Q BRANLY,,,,750
200500021164,5,4,27,1315,1,2,2,1,6,19.0,BD MACDONALD QU DE LA GI,,,,750
200500034057,5,6,4,1150,1,2,9,1,6,99.0,"0, PASTEUR (RUE LOUIS)",,,,490
200500066683,5,10,1,1902,1,2,1,1,6,99.0,"266, LORRAINE (RUE DE)",,,,490
200500025916,5,5,5,1545,1,1,1,1,6,77.0,,M,0.0,0.0,540
200500040384,5,6,8,1110,1,2,2,1,6,3.0,"76, ARISTIDE BRIAND (AV)",,,,940
200500068838,5,10,30,1635,1,2,3,1,3,194.0,"., BEAULIEU (RUE DE)",,,,860
200500026587,5,5,17,1900,1,2,1,1,5,135.0,RUE LAFAYETTE,M,4865000.0,295000.0,770
200500010830,5,2,9,1715,1,2,1,1,6,248.0,6 RUE DE LA MAIRIE,M,4659600.0,-98000.0,850
200500006813,5,2,18,2055,5,2,2,1,3,155.0,LIBERTE AV.DE LA,,,,60
200500085126,5,3,1,1235,1,2,1,1,1,302.0,TIGRE (ROUTE DU),,,,973
200500008884,5,2,11,140,5,2,1,2,7,6.0,272 BD RASPAIL,,,,750
200500054506,5,9,22,1620,1,1,1,1,3,367.0,CD 672,M,0.0,0.0,330
200500042602,5,7,10,1515,1,1,1,1,6,29.0,,M,4304200.0,234300.0,110
200500051667,5,8,10,1420,1,2,7,1,6,454.0,PAIX (BOULEVARD DE LA),,,,510
200500017386,5,3,30,1440,1,2,1,1,6,4.0,"9, BAS ( RUE DES )",,,,920
200500073147,5,11,30,600,5,2,1,1,7,528.0,FALAISES (ROUTE DES),,,,270
200500003072,5,1,11,1205,1,1,1,1,2,555.0,CORPS FRANC POMMIES (AVE,,,,310
200500076834,5,11,7,1620,1,2,1,1,6,46.0,"28, PROFESSEUR CADIOT (A",,,,940
200500068093,5,10,18,1640,1,2,3,1,3,10.0,PL FRANZ LISZT R LA FAYE,,,,750
200500004917,5,1,20,1718,5,2,1,1,4,14.0,48 AV GENERAL LECLERC,,,,750
200500083487,5,12,8,1300,1,2,1,1,6,25.0,C.DE G.<> 2 A 62 & 1 A 3,,,,920
200500072318,5,11,16,1958,5,2,2,1,6,691.0,GAMBETTA DE 1 A 27/38 (B,,,,20
200500008271,5,2,13,1230,1,2,1,1,7,183.0,TURENNE - PLACE,,,,590
200500003137,5,1,8,1555,1,2,1,1,2,9.0,"22, TARTAS (CRS) DU 02 A",,,,330
200500029022,5,5,25,850,1,2,1,1,4,395.0,MIRECOURT (ROUTE DE),,,,540
200500002268,5,1,22,1645,1,2,1,1,2,88.0,"351, ANGLAIS (A PARTIR D",,,,60
200500005331,5,1,22,1520,1,2,1,1,3,686.0,"17, GENERAL LECLERC (AVE",,,,780
200500064885,5,10,1,1515,1,2,1,1,6,88.0,"0, ALBERTI (RUE)",,,,60
200500080218,5,12,15,2340,1,2,1,1,3,55.0,MONTE CRIST (RUE),,,,130
200500068767,5,10,2,1800,1,1,1,1,3,90.0,"0, CANNIERS (CHEMIN DES)",,,,830
200500087072,5,8,11,925,1,2,3,1,3,302.0,MONTABO (ROUTE DE) 1,,,,973
200500016073,5,3,30,818,1,2,1,2,3,251.0,RD215,,,,650
200500050306,5,8,17,1330,1,2,1,1,6,27.0,"92, PLAGE BOULEVARD DE L",,,,60
200500062726,5,10,22,1730,1,1,1,2,6,261.0,,M,0.0,0.0,560
200500009888,5,2,21,1950,5,2,2,1,3,71.0,"néant, BIR HAKEIM (ALLEE",,,,930
200500078660,5,12,26,1745,5,2,1,1,1,85.0,RUE DE LA CHARTREUSE,M,0.0,0.0,630
200500032346,5,6,16,2110,3,2,1,1,3,69.0,"122, CHEVREFEUILLES (CHE",,,,60
200500002087,5,1,13,1440,1,2,1,1,7,27.0,HOTEL DES POSTES AVENUE,,,,60
200500000348,5,1,9,45,3,1,1,1,1,267.0,,M,4923000.0,-153000.0,500
200500028273,5,5,27,1320,1,2,3,1,3,555.0,"38, MONTESQUIEU (RUE) DU",,,,310
200500035808,5,6,1,2025,1,1,3,1,3,268.0,EUROPE ( BOULEVARD DE L',,,,770
200500030834,5,5,2,1805,1,2,1,1,6,129.0,REPUBLIQUE (AVENUE DE LA,,,,830
200500061242,5,9,23,1425,1,2,1,1,7,5.0,"néant, JULES PRINCET [CD",,,,930
200500068585,5,10,4,1700,1,2,1,1,6,242.0,"indéterm, BIZET (RUE GEO",,,,780
200500074506,5,11,1,1550,1,2,1,1,2,113.0,VIVIANI (RUE),,,,630
200500063617,5,10,8,900,2,1,1,5,3,575.0,,M,0.0,0.0,570
200500015821,5,3,3,1250,1,2,2,2,3,299.0,CLEMENCEAU (BOULEVARD),,,,590
200500026900,5,5,20,1145,1,1,1,1,5,241.0,,M,0.0,0.0,680
200500079817,5,12,7,1525,1,2,1,1,1,104.0,"98, JAURES (AVENUE JEAN)",,,,60
200500047854,5,7,28,1430,1,1,1,1,2,71.0,A51-Sens Aix en Provence,,,,130
200500006189,5,1,13,855,1,2,3,1,6,63.0,"15, GABRIEL PERI (AVENUE",,,,950
200500082323,5,12,23,1130,1,2,3,1,6,14.0,R FERMAT R FROIDEVAUX,,,,750
200500001369,5,1,22,1015,1,1,1,1,2,85.0,,M,0.0,0.0,130
200500080519,5,12,22,2220,5,2,6,1,2,278.0,"0, APOLLINAIRE (GUILLAUM",,,,220
200500004245,5,1,23,1527,1,2,2,1,3,113.0,LOUCHEUR (BD LOUIS),,,,630
200500072582,5,11,29,824,1,2,1,2,6,159.0,NAPOLEON III (BOULEVARD),,,,60
200500019350,5,4,6,1340,1,2,1,1,3,555.0,"23, FAUBOURG BONNEFOY (R",,,,310
200500005982,5,1,30,1305,1,2,1,2,6,14.0,"1, STRATEGIQUE (ROUTE)",,,,930
200500000227,5,1,10,900,1,1,1,3,1,273.0,,M,0.0,0.0,350
200500034994,5,6,11,1515,1,2,3,1,2,10.0,MARQUISATS (AVENUE DES),,,,740
200500030217,5,5,11,1045,1,2,1,1,6,5.0,4 R LAGRANGE,,,,750
200500050181,5,8,11,730,1,2,1,7,1,309.0,Rue du Général Leclerc,M,4864600.0,771700.0,670
200500057902,5,9,18,1745,1,2,2,1,6,681.0,"0, GAMBETTA (AVENUE)",,,,270
200500042959,5,7,11,445,3,1,1,1,5,477.0,,M,4833500.0,260200.0,770
200500064180,5,10,30,1715,2,1,1,2,5,105.0,,M,4474200.0,383600.0,480
200500007896,5,2,21,900,1,2,1,1,1,187.0,"24, MOULIN PAILLASSON (R",,,,420
200500009036,5,2,18,650,2,2,3,1,3,13.0,BD VINCENT AURIOL R JENN,,,,750
200500069731,5,10,29,150,5,2,1,1,6,381.0,"6, STE CATHERINE",,,,690
200500048797,5,8,27,1145,1,1,1,1,3,178.0,,M,4569600.0,444000.0,690
200500077716,5,12,18,1215,1,1,1,1,6,102.0,,M,5065200.0,191200.0,620
200500082713,5,12,16,705,5,2,1,1,7,12.0,214 AV DAUMESNIL,,,,750
200500033632,5,6,1,100,5,2,1,1,7,115.0,"1, CANROBERT (RUE)",,,,350
200500062217,5,5,3,840,1,2,2,1,1,161.0,PIERRE BROSSOLETTE (AVEN,,,,910
200500038011,5,6,1,1345,1,1,1,1,3,278.0,,M,0.0,0.0,610
200500064571,5,10,5,1445,1,1,1,1,4,284.0,,M,4464000.0,-83000.0,330
200500044396,5,7,6,1040,1,2,1,1,3,555.0,"26, MERMOZ (RUE JEAN) DU",,,,310
200500048881,5,8,4,1600,1,2,1,1,3,42.0,montée du chateau,M,0.0,0.0,260
200500052831,5,8,22,1305,1,2,1,2,6,259.0,"60, LORRAIN (AVENUE JEAN",,,,760
200500056078,5,9,16,1910,1,1,1,8,7,36.0,elle de sortie CAPBRETON,M,0.0,0.0,400
200500069325,5,10,1,1330,1,2,3,1,3,6.0,"75, GAMBETTA AV.",,,,930
200500021816,5,4,6,1715,1,2,3,1,6,4.0,"98, ARGENTEUIL AV D'",,,,920
200500002514,5,1,6,1650,1,2,1,1,2,55.0,"104, PAUL CLAUDEL (BD)",,,,130
200500076678,5,11,18,1945,5,2,1,1,2,66.0,"129, WILSON (AVENUE DU P",,,,930
200500004580,5,1,1,235,5,2,1,1,6,8.0,PL DE LA CONCORDE,,,,750
200500084014,5,12,15,1210,1,2,1,2,6,4.0,"SANS, NAPOLEON COURS AVA",,,,201
200500020079,5,4,16,910,1,2,2,1,3,537.0,POINCARE(AVENUE),,,,570
200500001854,5,1,3,645,5,2,1,1,6,212.0,ANGELA DUVAL,M,0.0,0.0,290
200500035583,5,6,26,1245,1,2,1,3,6,19.0,36 R DE CRIMEE,,,,750
200500013573,5,3,22,745,1,1,1,1,7,38.0,,M,0.0,0.0,910
200500028580,5,5,9,430,5,2,2,1,3,179.0,"., MARRONNIERS (CHEMIN D",,,,380
200500039511,5,6,30,1200,1,2,1,1,3,115.0,avenue Benjamin Frèze,M,0.0,0.0,830
200500028179,5,5,24,2210,5,2,3,1,3,189.0,"64, ALES (ROUTE)",,,,300
200500058192,5,9,19,1800,1,2,2,1,6,63.0,RUE PROFESSEUR VINCENT,,,,330
200500059701,5,9,2,1800,1,2,2,1,6,14.0,R D ALESIA R VERCINGETOR,,,,750
200500067810,5,10,23,1740,1,2,1,1,6,3.0,20 R CHARLOT,,,,750
200500006469,5,1,19,800,2,1,1,1,3,38.0,AUTOROUTE A6B,,,,940
200500075241,5,11,11,1815,5,2,2,1,1,18.0,R DAMREMOND R ORDENER,,,,750
200500033825,5,6,25,1405,1,2,1,1,6,187.0,"130, BRIENNON (ROUTE DE",,,,420
200500067772,5,10,4,1540,1,2,3,8,6,14.0,R MARIE ROSE R SARRETTE,,,,750
200500069008,5,10,12,2050,5,2,1,1,6,549.0,GABRIEL PERI (AVENUE),,,,910
200500053069,5,8,9,1849,1,2,1,1,6,126.0,", JUIN (AV MARECHAL)",,,,830
200500026021,5,5,9,715,2,1,1,1,1,231.0,,M,4897900.0,445300.0,510
200500064288,5,10,14,1015,1,2,1,1,3,420.0,RUE CURIE,M,0.0,0.0,770
200500053315,5,8,31,1320,1,2,1,1,6,40.0,"26, VICTOR CRESSON (AVEN",,,,920
200500006889,5,2,2,750,1,2,1,1,3,88.0,"0, RAYBAUD JOSEPH",,,,60
200500064138,5,10,28,2245,3,1,1,1,1,262.0,,M,4318500.0,296400.0,110
200500018812,5,4,8,2130,5,2,3,1,3,55.0,JOLIETTE (QUAI DE LA),,,,130
200500064550,5,10,10,1410,1,1,1,1,6,227.0,sens Freyming-Sarrebruck,M,0.0,0.0,570
200500003183,5,1,14,2135,5,2,1,1,6,63.0,STUTTENBERG (CRS BALGUER,,,,330
200500057534,5,9,20,1550,1,2,1,1,6,55.0,"111, PARADIS (RUE)",,,,130
200500086366,5,9,4,645,1,1,1,7,2,125.0,,A,0.0,0.0,971
200500061497,5,9,10,1545,1,2,1,2,2,28.0,POMPADOUR(ROUTE DE LA),,,,940
200500037105,5,6,6,1240,1,1,1,2,6,121.0,A104,,,,770
200500055375,5,9,10,1,3,1,8,1,1,374.0,,M,4777500.0,538800.0,520
200500044721,5,7,8,810,1,2,3,1,1,233.0,DUCLOS (AVENUE JACQUES),,,,370
200500050372,5,8,26,1815,1,2,3,1,3,29.0,"25, VAUTRIN (BOULEVARD D",,,,60
200500055713,5,9,21,1845,1,1,1,1,7,322.0,,M,0.0,0.0,300
200500009846,5,2,18,1540,1,2,2,1,1,51.0,MEDERIC (AVENUE),,,,930
200500026272,5,5,27,1000,1,1,1,1,1,151.0,,M,4486800.0,659700.0,50
200500019311,5,4,21,1450,1,2,1,1,3,189.0,"., LAURIERS  (RUE)",,,,300
200500083029,5,12,4,930,1,1,1,1,3,551.0,LOGES (AVENUE DES),,,,780
200500055238,5,9,20,100,3,1,1,1,6,75.0,,M,0.0,0.0,880
200500002609,5,1,15,2135,5,2,1,1,4,55.0,SAKAKINI (BD),,,,130
200500000492,5,1,23,1200,1,1,1,2,1,125.0,,M,0.0,0.0,330
200500004364,5,1,8,2235,5,2,3,1,3,136.0,"36, PRADES (AVENUE DE)",,,,660
200500016169,5,3,17,1900,2,2,1,1,6,266.0,"3, AV GAL LECLERC",,,,690
200500002742,5,1,22,1035,1,2,2,1,3,33.0,GOULEVENTS (CH DES),,,,180
200500029951,5,5,7,1250,1,2,2,1,6,17.0,R G CHARPENTIER AV PORTE,,,,750
200500058483,5,9,8,1500,1,2,1,1,1,18.0,"0, SAUSSAYE (QUAI DE LA)",,,,410
200500009121,5,2,23,645,2,2,1,4,7,20.0,BPI MONTREUIL VINCENNES,,,,750
200500050538,5,8,27,531,5,2,1,1,3,88.0,"0, SAINT-SEBASTIEN (AV.)",,,,60
200500034214,5,6,19,250,5,2,2,1,7,545.0,MISS SIBLEY,,,,550
200500048073,5,8,26,800,1,1,1,7,3,243.0,,M,0.0,0.0,350
200500023337,5,4,13,1645,1,1,1,1,2,93.0,,M,4587400.0,-121300.0,170
200500016513,5,3,14,850,1,2,3,1,6,18.0,R ORDENER R LAPEYRERE,,,,750
200500044863,5,7,16,1745,1,2,1,1,6,135.0,"1, BERCAIL ( ALLÉE DU )",,,,440
200500059640,5,9,1,1030,1,2,1,1,6,93.0,CREUSES (ROUTE DES),,,,740
200500085151,5,3,7,1225,1,2,1,1,6,407.0,"87, DE GAULLE(RUE)",,,,974
200500033561,5,6,11,1055,1,1,1,1,7,32.0,RD.64,,,,340
200500001319,5,1,8,1500,1,2,1,1,6,85.0,RUE ENTRE DEUX PONTS,M,0.0,0.0,250
200500053677,5,8,1,945,1,1,1,1,2,491.0,AUTOROUTE A115,,,,950
200500070883,5,11,17,1400,1,1,1,1,6,33.0,lieu dit ROUQUET,M,0.0,0.0,470
200500060417,5,9,6,1510,1,1,1,1,7,70.0,FLORIANNE (FERME DE LA),,,,770
200500070155,5,10,18,1715,1,2,1,1,6,387.0,"223, MARCEL MERIEUX",,,,690
200500028121,5,5,25,1030,1,2,1,1,7,19.0,CORNICHE (DE 1 A 39 ET 2,,,,290
200500037408,5,6,1,1605,1,2,2,1,3,383.0,RABELAIS,,,,690
200500042305,5,7,30,1215,1,1,1,1,7,274.0,,M,4820200.0,319100.0,890
200500065669,5,10,19,1405,1,1,1,1,6,106.0,"0, VERNE (RUE JULES)",,,,220
200500043246,5,7,31,1515,1,1,1,1,7,33.0,,M,4651800.0,150400.0,360
200500068384,5,10,14,1540,1,2,1,1,3,18.0,BPE CHAPELLE CLIGNANCOUR,,,,750
200500020410,5,4,6,1900,1,2,1,1,6,122.0,MOUSSE (ROND POINT DU),,,,640
200500039307,5,6,13,530,2,1,1,1,7,108.0,,M,4777000.0,371700.0,890
200500055765,5,9,29,815,1,2,1,1,1,597.0,"Route de Mantes, Rue Jea",M,0.0,0.0,780
200500064032,5,10,13,1730,1,1,1,1,6,46.0,La Manda,M,0.0,0.0,60
200500035648,5,6,29,1155,1,2,1,1,6,13.0,46 R DE TOLBIAC,,,,750
200500070621,5,11,17,1530,1,1,1,1,3,550.0,,M,4912300.0,-141500.0,500
200500013853,5,3,27,800,2,1,1,1,6,43.0,,M,4582600.0,499800.0,10
200500086135,5,7,6,1530,1,2,1,1,6,209.0,FRANCOIS MITTERAND (BOUL,,,,972
200500044217,5,7,15,1314,1,2,1,1,3,56.0,"sans, MARMIER RUE XAVIER",,,,250
200500080117,5,12,13,1915,5,2,1,1,3,55.0,LITTORAL (CHEMIN DU),,,,130
200500071318,5,11,19,1800,3,1,2,1,3,15.0,133 - fôret de bagnolet,M,0.0,0.0,30
200500048676,5,8,3,730,1,2,1,1,6,451.0,CD 622 - PR CROISSANT 72,M,0.0,0.0,310
200500034698,5,6,18,1830,1,2,1,1,3,335.0,EUROPE DE L',,,,640
200500049123,5,8,31,2045,3,1,1,1,7,685.0,,M,4892800.0,680500.0,570
200500017486,5,3,18,1425,1,2,9,1,2,51.0,"43, CHARLES DE GAULLE (A",,,,920
200500028044,5,5,2,1015,1,2,6,1,6,281.0,VOLTAIRE (BOULVEVARD),,,,260
200500006492,5,1,6,2145,5,2,1,1,6,33.0,"SANS, ROND POINT",,,,202
200500073223,5,11,17,1205,1,2,1,1,2,232.0,"67, FRUGY RUE DU",,,,290
200500023347,5,4,7,1745,1,1,1,3,6,275.0,,M,0.0,0.0,170
200500069219,5,10,1,2320,5,2,3,1,3,73.0,ROOSVELT (AVENUE FRANKLI,,,,920
200500021383,5,4,1,1920,1,2,2,1,3,490.0,DEPARTEMENTALE 11 (ROUTE,,,,780
200500042644,5,7,3,245,3,1,1,1,6,327.0,,M,4424800.0,430000.0,300
200500006323,5,1,2,910,1,1,1,1,2,527.0,AUTOROUTE A1,,,,950
200500071951,5,11,25,1200,1,1,1,9,7,224.0,route de rebrechien,M,4805100.0,205100.0,450
200500002494,5,1,1,1820,2,2,2,1,3,55.0,", SAINT JEROM (AVENUE DE",,,,130
200500006154,5,1,6,1210,1,2,1,1,6,81.0,CARRIERES (R DES),,,,940
200500013549,5,3,25,930,1,1,1,5,6,16.0,,M,0.0,0.0,202
200500012315,5,3,30,1945,1,2,1,1,3,75.0,RUE DE PARIS,M,4844000.0,-439000.0,290
200500025995,5,5,11,1315,1,1,1,1,1,269.0,,M,4819500.0,734600.0,680
200500051996,5,8,29,1525,1,1,1,1,7,218.0,LES PIERRES BISES (LIEU-,,,,610
200500033245,5,6,2,915,1,2,1,1,6,7.0,CARNOT (AVE),,,,300
200500028570,5,5,3,540,4,1,1,1,2,185.0,AUTOROUTE,,,,380
200500027336,5,5,15,825,1,2,1,1,6,88.0,"28, ROQUEBILLIERE (R. DE",,,,60
200500064416,5,10,2,1700,1,1,1,2,6,106.0,LA VOSSONNERIE,M,0.0,0.0,410
200500078919,5,12,9,1615,3,1,1,1,6,257.0,,M,0.0,0.0,710
200500073939,5,11,29,2305,5,2,2,2,3,1.0,COLMAR (AV. DE),,,,470
200500078780,5,12,14,1800,3,1,1,9,1,75.0,,M,0.0,0.0,880
200500012548,5,3,10,1800,1,1,1,1,6,401.0,,M,0.0,0.0,240
200500040129,5,6,15,1945,1,1,1,3,7,122.0,,M,4981300.0,150900.0,760
200500079569,5,12,14,100,3,1,1,8,6,538.0,,M,0.0,0.0,520
200500033796,5,6,7,845,1,1,1,2,4,183.0,ROCADE OUEST,,,,420
200500033246,5,6,2,1515,1,2,1,1,6,7.0,"., TAISSON (RUE)",,,,300
200500037393,5,6,21,1630,1,1,1,1,3,507.0,AUTOROUTE A1,,,,590
200500064544,5,10,5,500,5,1,1,1,6,172.0,,M,4922800.0,406500.0,510
200500018882,5,4,11,2050,5,2,1,1,2,55.0,"92, FRANCOISE DUPARC (BD",,,,130
200500002443,5,1,19,1915,5,2,6,1,1,55.0,"1, LOUIS BONNEFON (PLACE",,,,130
200500019578,5,4,29,1230,1,2,2,1,3,238.0,"00, SAINT-HELIER",,,,350
200500049044,5,8,30,800,1,2,1,1,2,178.0,route de Saint Germain,M,4553500.0,325500.0,630
200500049425,5,8,11,1500,1,2,1,1,3,193.0,place du 03° tirailleur,M,0.0,0.0,250
200500071044,5,11,20,1530,1,1,1,1,7,243.0,,M,4400600.0,297100.0,120
200500066992,5,10,30,1310,1,2,1,1,6,504.0,"45, LAMENDIN (R. ARTHUR)",,,,590
200500069711,5,10,9,540,5,2,2,1,6,4.0,"SANS, ILLIADE IMM.BR FRE",,,,201
200500070370,5,11,28,415,3,1,1,8,2,756.0,,M,0.0,0.0,20
200500070916,5,11,23,1215,1,1,1,1,6,125.0,,M,0.0,0.0,860
200500026502,5,5,8,1430,1,1,1,1,1,42.0,,M,0.0,0.0,202
200500045661,5,7,27,1410,1,2,1,1,3,482.0,"0000, PLAINE DES BOUCHER",,,,670
200500036326,5,6,13,900,1,2,1,1,3,174.0,"207, JOHN KENNEDY (BOULE",,,,910
200500038587,5,6,11,1515,1,1,1,1,1,117.0,,M,4434700.0,105700.0,820
200500042536,5,7,13,2000,1,1,1,1,1,17.0,,M,0.0,0.0,840
200500012144,5,3,23,1845,1,2,1,1,3,173.0,BOULEVARD GAMBETTA,M,4961000.0,322000.0,20
200500021394,5,4,19,625,2,2,1,1,3,311.0,"110, JEAN JAURES (BOULEV",,,,780
200500071281,5,11,11,1900,5,2,1,1,7,173.0,1434 ROUTE NATIONALE,M,0.0,0.0,740
200500028793,5,5,15,1205,1,2,3,1,2,234.0,COUPERIN (RUE FRANCOIS ),,,,450
200500078281,5,12,28,730,2,2,1,1,6,85.0,avenue de la république,M,0.0,0.0,160
200500002786,5,1,14,1400,1,2,6,1,3,231.0,NATIONS (DES) (ROND POIN,,,,210
200500016303,5,3,5,1810,2,2,5,2,3,15.0,AV DE SUFFREN AV LA MOTT,,,,750
200500079966,5,12,2,1510,1,2,1,1,1,225.0,"00, MILLIANE ESPLANADE D",,,,90
200500037512,5,6,15,815,1,1,1,1,2,275.0,A46N,,,,10
200500021849,5,4,20,1655,1,2,1,1,3,12.0,"14, REPUBLIQUE (BOULEVAR",,,,920
200500046283,5,7,28,945,1,2,3,1,1,8.0,PT ALEXANDRE III CRS LA,,,,750
200500047163,5,7,10,1630,1,2,6,1,3,51.0,"2, FORT (AVE)",,,,930
200500027268,5,5,9,1445,1,2,1,1,4,83.0,"1, CARNOT (AVENUE)",,,,60
200500053203,5,8,11,1525,1,2,1,1,3,10.0,"1, BASTIE (RUE MARYSE)",,,,900
200500041711,5,7,8,1545,1,1,1,1,5,175.0,,M,4527300.0,591100.0,380
200500012995,5,3,9,1500,1,1,1,1,1,58.0,,M,0.0,0.0,730
200500011406,5,2,3,645,3,1,1,8,6,337.0,,M,0.0,0.0,520
200500009182,5,2,22,1815,1,2,9,1,1,217.0,"1, ALBERT LAMOTTE (RUE)",,,,760
200500056768,5,7,1,1500,1,1,1,1,2,482.0,Autoroute A.350,,,,670
200500024036,5,4,26,1615,1,1,1,1,6,110.0,,M,4349000.0,565000.0,130
200500063267,5,10,8,1800,1,1,1,1,3,102.0,"t ""relais des chasseurs""",M,0.0,0.0,460
200500021229,5,4,22,1835,1,2,1,1,3,16.0,BPI ST CLOUD MOLITOR,,,,750
200500085198,5,4,1,1600,1,1,3,1,5,216.0,,A,0.0,0.0,972
200500071030,5,11,13,1615,1,1,1,1,1,45.0,,M,4303100.0,61300.0,310
200500060686,5,9,27,55,5,2,6,1,6,118.0,"0, RN98",,,,830
200500048327,5,8,19,1830,1,1,1,1,5,2.0,,M,4730100.0,700.0,490
200500086813,5,10,4,1210,1,1,1,1,2,209.0,ENTAIDE (ROUTE DE L'),,,,972
200500019763,5,4,14,1025,1,2,1,1,6,109.0,"88, POILUS ( BD DES )",,,,440
200500060075,5,9,22,1215,1,2,5,1,5,9.0,R DE CHATEAUDUN R DU FG,,,,750
200500051108,5,8,25,1255,1,2,9,1,3,189.0,", LULLI (RUE)",,,,300
200500028122,5,5,25,1615,1,2,3,1,6,19.0,"., KERLEO",,,,290
200500069271,5,10,10,1330,1,2,3,1,6,8.0,"0, VAILLANT (AVENUE EDOU",,,,930
200500013950,5,3,11,630,2,1,1,1,6,97.0,,M,0.0,0.0,850
200500020819,5,4,6,1640,1,2,4,1,3,18.0,AV DE SAINT OUEN PAS GAN,,,,750
200500086652,5,9,12,1845,2,2,6,1,7,209.0,CHATEAUBOEUF (ROUTE DE),,,,972
200500000343,5,1,11,1430,1,2,1,1,6,523.0,Rue Jacques Le Mor,M,4949100.0,-139200.0,500
200500035673,5,6,30,1830,1,2,3,3,7,15.0,R LECOURBE R PETEL,,,,750
200500079954,5,12,31,1430,1,2,1,1,3,88.0,"0, MALAUSSENA (AV.)",,,,60
200500013543,5,3,25,1745,1,1,9,1,3,10.0,,M,0.0,0.0,202